id_gasto_fijo,id_hotel,fecha,categoria,monto,es_gasto_gop
1,H01,2021-01-31,Marketing,1929.5171713867974,1
2,H01,2021-01-31,Admin,1858.022093416158,1
3,H01,2021-01-31,Mantenimiento,1904.6994230517032,1
4,H01,2021-01-31,Suministros Energéticos,1946.4207803354627,1
5,H01,2021-02-28,Marketing,2112.5695250978256,1
6,H01,2021-02-28,Admin,2182.264707490224,1
7,H01,2021-02-28,Mantenimiento,2059.1232353568194,1
8,H01,2021-02-28,Suministros Energéticos,1923.4709802764708,1
9,H01,2021-03-31,Marketing,2142.587174468882,1
10,H01,2021-03-31,Admin,1843.377908956078,1
11,H01,2021-03-31,Mantenimiento,2055.139357006113,1
12,H01,2021-03-31,Suministros Energéticos,1961.4363792756728,1
13,H01,2021-04-30,Marketing,2090.7756192711254,1
14,H01,2021-04-30,Admin,2172.3332905863526,1
15,H01,2021-04-30,Mantenimiento,1847.09612067373,1
16,H01,2021-04-30,Suministros Energéticos,1973.7272054761877,1
17,H01,2021-05-31,Marketing,1830.7151047087395,1
18,H01,2021-05-31,Admin,2033.134364996262,1
19,H01,2021-05-31,Mantenimiento,2025.6662783082131,1
20,H01,2021-05-31,Suministros Energéticos,2099.072454682624,1
21,H01,2021-06-30,Marketing,2187.231777499416,1
22,H01,2021-06-30,Admin,1950.834976266504,1
23,H01,2021-06-30,Mantenimiento,2102.2094769512805,1
24,H01,2021-06-30,Suministros Energéticos,2195.6601512001857,1
25,H01,2021-07-31,Marketing,1935.6346550765898,1
26,H01,2021-07-31,Admin,2198.0706898899457,1
27,H01,2021-07-31,Mantenimiento,1943.4931779086144,1
28,H01,2021-07-31,Suministros Energéticos,1896.1361392466886,1
29,H01,2021-08-31,Marketing,2079.5613882715197,1
30,H01,2021-08-31,Admin,1815.8213993901718,1
31,H01,2021-08-31,Mantenimiento,2141.0350119927457,1
32,H01,2021-08-31,Suministros Energéticos,1841.3907275335275,1
33,H01,2021-09-30,Marketing,1917.7859700921713,1
34,H01,2021-09-30,Admin,2101.022111202226,1
35,H01,2021-09-30,Mantenimiento,2082.2434251127715,1
36,H01,2021-09-30,Suministros Energéticos,1947.347715157055,1
37,H01,2021-10-31,Marketing,2151.06407323202,1
38,H01,2021-10-31,Admin,1990.9777814886543,1
39,H01,2021-10-31,Mantenimiento,1806.567076220473,1
40,H01,2021-10-31,Suministros Energéticos,2092.241766952045,1
41,H01,2021-11-30,Marketing,2022.973918887665,1
42,H01,2021-11-30,Admin,1934.3333750581548,1
43,H01,2021-11-30,Mantenimiento,1875.2531246263975,1
44,H01,2021-11-30,Suministros Energéticos,1869.9126983382607,1
45,H01,2021-12-31,Marketing,2034.500715169648,1
46,H01,2021-12-31,Admin,1871.7340828935032,1
47,H01,2021-12-31,Mantenimiento,2195.8950321583084,1
48,H01,2021-12-31,Suministros Energéticos,2024.7709416014113,1
49,H01,2022-01-31,Marketing,1964.8512094172731,1
50,H01,2022-01-31,Admin,1937.521476711852,1
51,H01,2022-01-31,Mantenimiento,2068.461887863964,1
52,H01,2022-01-31,Suministros Energéticos,1816.9218310876486,1
53,H01,2022-02-28,Marketing,2186.7333295861017,1
54,H01,2022-02-28,Admin,2130.5867339942956,1
55,H01,2022-02-28,Mantenimiento,1972.186277882623,1
56,H01,2022-02-28,Suministros Energéticos,2027.987998266914,1
57,H01,2022-03-31,Marketing,2011.5378443182371,1
58,H01,2022-03-31,Admin,2003.1683499138194,1
59,H01,2022-03-31,Mantenimiento,2050.780734741277,1
60,H01,2022-03-31,Suministros Energéticos,2057.4282112597243,1
61,H01,2022-04-30,Marketing,2022.3404916751315,1
62,H01,2022-04-30,Admin,1978.2907444969194,1
63,H01,2022-04-30,Mantenimiento,2134.1187974306276,1
64,H01,2022-04-30,Suministros Energéticos,1947.212798773719,1
65,H01,2022-05-31,Marketing,2153.1159491221406,1
66,H01,2022-05-31,Admin,1904.9390373516546,1
67,H01,2022-05-31,Mantenimiento,2192.142084875354,1
68,H01,2022-05-31,Suministros Energéticos,1829.3440957299033,1
69,H01,2022-06-30,Marketing,1871.9286998643781,1
70,H01,2022-06-30,Admin,2014.2941417243296,1
71,H01,2022-06-30,Mantenimiento,2118.24445146538,1
72,H01,2022-06-30,Suministros Energéticos,1847.7186853190633,1
73,H01,2022-07-31,Marketing,1925.3965369702264,1
74,H01,2022-07-31,Admin,1975.8968454414592,1
75,H01,2022-07-31,Mantenimiento,1856.4374073997162,1
76,H01,2022-07-31,Suministros Energéticos,1956.4059678121587,1
77,H01,2022-08-31,Marketing,2055.005271996334,1
78,H01,2022-08-31,Admin,1844.5441382818472,1
79,H01,2022-08-31,Mantenimiento,2178.615395621889,1
80,H01,2022-08-31,Suministros Energéticos,1827.5032994574576,1
81,H01,2022-09-30,Marketing,2191.3909749618488,1
82,H01,2022-09-30,Admin,1875.158007764985,1
83,H01,2022-09-30,Mantenimiento,1941.5737925067247,1
84,H01,2022-09-30,Suministros Energéticos,1895.567551823794,1
85,H01,2022-10-31,Marketing,2049.87959617926,1
86,H01,2022-10-31,Admin,1996.7000174788363,1
87,H01,2022-10-31,Mantenimiento,1846.2423816999192,1
88,H01,2022-10-31,Suministros Energéticos,2096.004592422232,1
89,H01,2022-11-30,Marketing,2148.5719832362734,1
90,H01,2022-11-30,Admin,1806.8314957309674,1
91,H01,2022-11-30,Mantenimiento,2174.359083366045,1
92,H01,2022-11-30,Suministros Energéticos,2174.179437772801,1
93,H01,2022-12-31,Marketing,1999.5994833793459,1
94,H01,2022-12-31,Admin,2084.148981947603,1
95,H01,2022-12-31,Mantenimiento,2079.0086983497627,1
96,H01,2022-12-31,Suministros Energéticos,1943.8208436859065,1
97,H01,2023-01-31,Marketing,1829.005369560318,1
98,H01,2023-01-31,Admin,1901.916258682547,1
99,H01,2023-01-31,Mantenimiento,2154.7989719242555,1
100,H01,2023-01-31,Suministros Energéticos,2070.676780884731,1
101,H01,2023-02-28,Marketing,1813.8214822362931,1
102,H01,2023-02-28,Admin,2122.147459794904,1
103,H01,2023-02-28,Mantenimiento,2155.570378924831,1
104,H01,2023-02-28,Suministros Energéticos,1848.0839325688044,1
105,H01,2023-03-31,Marketing,2162.816349902398,1
106,H01,2023-03-31,Admin,2129.205556274358,1
107,H01,2023-03-31,Mantenimiento,2053.0018578120803,1
108,H01,2023-03-31,Suministros Energéticos,1898.394749146505,1
109,H01,2023-04-30,Marketing,1970.3287057946834,1
110,H01,2023-04-30,Admin,1952.5312392965934,1
111,H01,2023-04-30,Mantenimiento,1849.3945196062791,1
112,H01,2023-04-30,Suministros Energéticos,1972.7770807241611,1
113,H01,2023-05-31,Marketing,2072.3115383741756,1
114,H01,2023-05-31,Admin,1859.1708937054648,1
115,H01,2023-05-31,Mantenimiento,2080.2398997565037,1
116,H01,2023-05-31,Suministros Energéticos,1956.0477752710121,1
117,H01,2023-06-30,Marketing,2140.5473393144366,1
118,H01,2023-06-30,Admin,1869.0297233450976,1
119,H01,2023-06-30,Mantenimiento,2095.7040628433565,1
120,H01,2023-06-30,Suministros Energéticos,2075.9691540258927,1
121,H01,2023-07-31,Marketing,2091.643138938985,1
122,H01,2023-07-31,Admin,2097.0728266183314,1
123,H01,2023-07-31,Mantenimiento,1877.2028067831486,1
124,H01,2023-07-31,Suministros Energéticos,1975.5333816546786,1
125,H01,2023-08-31,Marketing,2093.7943953112817,1
126,H01,2023-08-31,Admin,1837.3845978883535,1
127,H01,2023-08-31,Mantenimiento,1826.2813471945183,1
128,H01,2023-08-31,Suministros Energéticos,2083.846515988717,1
129,H01,2023-09-30,Marketing,2080.3156918797276,1
130,H01,2023-09-30,Admin,1883.360062834465,1
131,H01,2023-09-30,Mantenimiento,2168.360015196953,1
132,H01,2023-09-30,Suministros Energéticos,1958.1947182640488,1
133,H01,2023-10-31,Marketing,2093.109871830926,1
134,H01,2023-10-31,Admin,2067.564654315102,1
135,H01,2023-10-31,Mantenimiento,1924.7753772614808,1
136,H01,2023-10-31,Suministros Energéticos,1929.867528129504,1
137,H01,2023-11-30,Marketing,2002.8854546126663,1
138,H01,2023-11-30,Admin,1836.1956361639793,1
139,H01,2023-11-30,Mantenimiento,1813.7611069801944,1
140,H01,2023-11-30,Suministros Energéticos,1957.7565533745149,1
141,H01,2023-12-31,Marketing,2034.4621295803815,1
142,H01,2023-12-31,Admin,1923.089911377328,1
143,H01,2023-12-31,Mantenimiento,1974.8729484117687,1
144,H01,2023-12-31,Suministros Energéticos,2177.2808903246473,1
145,H01,2024-01-31,Marketing,2189.6696643773457,1
146,H01,2024-01-31,Admin,2061.604546852067,1
147,H01,2024-01-31,Mantenimiento,1885.1812269855154,1
148,H01,2024-01-31,Suministros Energéticos,2092.938913432701,1
149,H01,2024-02-29,Marketing,2188.4667783300056,1
150,H01,2024-02-29,Admin,1838.1453696448648,1
151,H01,2024-02-29,Mantenimiento,2152.7758739173432,1
152,H01,2024-02-29,Suministros Energéticos,1874.1832864748606,1
153,H01,2024-03-31,Marketing,2074.667279787074,1
154,H01,2024-03-31,Admin,2115.7440171111352,1
155,H01,2024-03-31,Mantenimiento,2167.693071626335,1
156,H01,2024-03-31,Suministros Energéticos,1859.267171335722,1
157,H01,2024-04-30,Marketing,1974.3545597394311,1
158,H01,2024-04-30,Admin,2162.6265183576133,1
159,H01,2024-04-30,Mantenimiento,1903.9356932876094,1
160,H01,2024-04-30,Suministros Energéticos,2183.657535191095,1
161,H01,2024-05-31,Marketing,1835.915532328297,1
162,H01,2024-05-31,Admin,2162.4411005029647,1
163,H01,2024-05-31,Mantenimiento,2076.222337422903,1
164,H01,2024-05-31,Suministros Energéticos,2084.792560429983,1
165,H01,2024-06-30,Marketing,1922.5571104604805,1
166,H01,2024-06-30,Admin,1962.3625728334837,1
167,H01,2024-06-30,Mantenimiento,2137.90192720546,1
168,H01,2024-06-30,Suministros Energéticos,2067.652035866348,1
169,H01,2024-07-31,Marketing,1877.8626314556172,1
170,H01,2024-07-31,Admin,1960.2272034897367,1
171,H01,2024-07-31,Mantenimiento,1966.996357926375,1
172,H01,2024-07-31,Suministros Energéticos,2092.1483439445046,1
173,H01,2024-08-31,Marketing,2120.484486325801,1
174,H01,2024-08-31,Admin,2162.4176555879408,1
175,H01,2024-08-31,Mantenimiento,1968.213745177998,1
176,H01,2024-08-31,Suministros Energéticos,2033.7473127193916,1
177,H01,2024-09-30,Marketing,2070.1625861542884,1
178,H01,2024-09-30,Admin,2032.4705492676544,1
179,H01,2024-09-30,Mantenimiento,2158.740723991291,1
180,H01,2024-09-30,Suministros Energéticos,2001.184897161726,1
181,H01,2024-10-31,Marketing,2022.2652199462873,1
182,H01,2024-10-31,Admin,2104.465456837893,1
183,H01,2024-10-31,Mantenimiento,1854.5653508976663,1
184,H01,2024-10-31,Suministros Energéticos,2181.9805414977573,1
185,H01,2024-11-30,Marketing,1905.0872565146158,1
186,H01,2024-11-30,Admin,1833.1192609214045,1
187,H01,2024-11-30,Mantenimiento,1980.750198427965,1
188,H01,2024-11-30,Suministros Energéticos,1974.1833097196748,1
189,H01,2024-12-31,Marketing,1881.052146164308,1
190,H01,2024-12-31,Admin,2071.7029285520666,1
191,H01,2024-12-31,Mantenimiento,2033.8564578343933,1
192,H01,2024-12-31,Suministros Energéticos,2064.6317129159575,1
193,H01,2025-01-31,Marketing,1899.4963887890008,1
194,H01,2025-01-31,Admin,2179.944003969509,1
195,H01,2025-01-31,Mantenimiento,1879.1414178613343,1
196,H01,2025-01-31,Suministros Energéticos,2088.132779587962,1
197,H01,2025-02-28,Marketing,1857.0358630635208,1
198,H01,2025-02-28,Admin,1873.5770384284144,1
199,H01,2025-02-28,Mantenimiento,1956.1293485218498,1
200,H01,2025-02-28,Suministros Energéticos,2082.3386584708746,1
201,H01,2025-03-31,Marketing,1891.965814822502,1
202,H01,2025-03-31,Admin,2099.9197833369253,1
203,H01,2025-03-31,Mantenimiento,1884.0072638914949,1
204,H01,2025-03-31,Suministros Energéticos,1849.3974991805921,1
205,H01,2025-04-30,Marketing,1806.7835681177594,1
206,H01,2025-04-30,Admin,2128.739177678458,1
207,H01,2025-04-30,Mantenimiento,2125.7437355139596,1
208,H01,2025-04-30,Suministros Energéticos,2014.3657762222938,1
209,H01,2025-05-31,Marketing,1838.6922591882808,1
210,H01,2025-05-31,Admin,2175.700859817633,1
211,H01,2025-05-31,Mantenimiento,2144.0111141543475,1
212,H01,2025-05-31,Suministros Energéticos,2066.4790843018936,1
213,H01,2025-06-30,Marketing,1922.6693295603734,1
214,H01,2025-06-30,Admin,2125.496383430655,1
215,H01,2025-06-30,Mantenimiento,2173.499193145264,1
216,H01,2025-06-30,Suministros Energéticos,1980.056747547929,1
217,H01,2025-07-31,Marketing,1828.539567842485,1
218,H01,2025-07-31,Admin,2177.9411115234575,1
219,H01,2025-07-31,Mantenimiento,1839.463668127507,1
220,H01,2025-07-31,Suministros Energéticos,1897.083622294226,1
221,H01,2025-08-31,Marketing,1864.1992020513078,1
222,H01,2025-08-31,Admin,1881.4856801678648,1
223,H01,2025-08-31,Mantenimiento,2028.9182697321744,1
224,H01,2025-08-31,Suministros Energéticos,2145.4761544426315,1
225,H01,2025-09-30,Marketing,2191.806764451892,1
226,H01,2025-09-30,Admin,2094.1712757981445,1
227,H01,2025-09-30,Mantenimiento,1887.375502926233,1
228,H01,2025-09-30,Suministros Energéticos,1886.5748020759459,1
229,H01,2025-10-31,Marketing,2180.3807037736933,1
230,H01,2025-10-31,Admin,2187.6963259667577,1
231,H01,2025-10-31,Mantenimiento,2147.319337081068,1
232,H01,2025-10-31,Suministros Energéticos,2014.6609355080325,1
233,H01,2025-11-30,Marketing,1805.237938971033,1
234,H01,2025-11-30,Admin,1998.0388518975772,1
235,H01,2025-11-30,Mantenimiento,1806.6313756423426,1
236,H01,2025-11-30,Suministros Energéticos,2137.1390613593503,1
237,H01,2025-12-31,Marketing,1870.5314181553947,1
238,H01,2025-12-31,Admin,2009.6737754898593,1
239,H01,2025-12-31,Mantenimiento,2040.3377718897063,1
240,H01,2025-12-31,Suministros Energéticos,1937.599813740212,1
241,H02,2021-01-31,Marketing,5323.187179188412,1
242,H02,2021-01-31,Admin,5383.717844481477,1
243,H02,2021-01-31,Mantenimiento,5477.816046379654,1
244,H02,2021-01-31,Suministros Energéticos,5486.087982430762,1
245,H02,2021-02-28,Marketing,4626.107386852808,1
246,H02,2021-02-28,Admin,5375.329990169802,1
247,H02,2021-02-28,Mantenimiento,5442.2587967910085,1
248,H02,2021-02-28,Suministros Energéticos,4962.608488962476,1
249,H02,2021-03-31,Marketing,5250.090298658053,1
250,H02,2021-03-31,Admin,5381.184430628724,1
251,H02,2021-03-31,Mantenimiento,5108.087340994089,1
252,H02,2021-03-31,Suministros Energéticos,4940.132299072006,1
253,H02,2021-04-30,Marketing,5153.520091077778,1
254,H02,2021-04-30,Admin,5169.056094650729,1
255,H02,2021-04-30,Mantenimiento,4946.059215832631,1
256,H02,2021-04-30,Suministros Energéticos,4579.221296935437,1
257,H02,2021-05-31,Marketing,4970.6851581705905,1
258,H02,2021-05-31,Admin,5033.398006341713,1
259,H02,2021-05-31,Mantenimiento,4536.21010518707,1
260,H02,2021-05-31,Suministros Energéticos,5255.545745892595,1
261,H02,2021-06-30,Marketing,4739.927672651614,1
262,H02,2021-06-30,Admin,5428.906540518734,1
263,H02,2021-06-30,Mantenimiento,5142.665322912937,1
264,H02,2021-06-30,Suministros Energéticos,5273.082212924386,1
265,H02,2021-07-31,Marketing,4919.894389291115,1
266,H02,2021-07-31,Admin,4584.379468310293,1
267,H02,2021-07-31,Mantenimiento,5233.6908874912515,1
268,H02,2021-07-31,Suministros Energéticos,5355.18538013189,1
269,H02,2021-08-31,Marketing,4640.8853112968345,1
270,H02,2021-08-31,Admin,5145.6514192243385,1
271,H02,2021-08-31,Mantenimiento,4633.222172735626,1
272,H02,2021-08-31,Suministros Energéticos,5218.152168022892,1
273,H02,2021-09-30,Marketing,4682.438955388141,1
274,H02,2021-09-30,Admin,4814.040778610218,1
275,H02,2021-09-30,Mantenimiento,4806.72462329392,1
276,H02,2021-09-30,Suministros Energéticos,4631.752155401481,1
277,H02,2021-10-31,Marketing,4811.057222652185,1
278,H02,2021-10-31,Admin,4598.446103014333,1
279,H02,2021-10-31,Mantenimiento,4623.807056567468,1
280,H02,2021-10-31,Suministros Energéticos,5115.468719731986,1
281,H02,2021-11-30,Marketing,5131.975366475175,1
282,H02,2021-11-30,Admin,5343.336096731777,1
283,H02,2021-11-30,Mantenimiento,4914.559905123374,1
284,H02,2021-11-30,Suministros Energéticos,4920.9030471891265,1
285,H02,2021-12-31,Marketing,5306.755892822829,1
286,H02,2021-12-31,Admin,5059.107475616016,1
287,H02,2021-12-31,Mantenimiento,5040.301531414001,1
288,H02,2021-12-31,Suministros Energéticos,5447.504882358922,1
289,H02,2022-01-31,Marketing,4744.1643386931355,1
290,H02,2022-01-31,Admin,4539.537508385397,1
291,H02,2022-01-31,Mantenimiento,5106.9963903512125,1
292,H02,2022-01-31,Suministros Energéticos,4989.640007312002,1
293,H02,2022-02-28,Marketing,5410.414481595797,1
294,H02,2022-02-28,Admin,4859.6181302483665,1
295,H02,2022-02-28,Mantenimiento,4583.68111529786,1
296,H02,2022-02-28,Suministros Energéticos,5028.670474188181,1
297,H02,2022-03-31,Marketing,4589.773449284794,1
298,H02,2022-03-31,Admin,5070.822659785997,1
299,H02,2022-03-31,Mantenimiento,5446.991086469612,1
300,H02,2022-03-31,Suministros Energéticos,5115.194272441578,1
301,H02,2022-04-30,Marketing,4528.551232903495,1
302,H02,2022-04-30,Admin,4529.71092754527,1
303,H02,2022-04-30,Mantenimiento,4859.677377795238,1
304,H02,2022-04-30,Suministros Energéticos,5161.657818258512,1
305,H02,2022-05-31,Marketing,4867.99579169218,1
306,H02,2022-05-31,Admin,4774.070836035419,1
307,H02,2022-05-31,Mantenimiento,5333.336448712067,1
308,H02,2022-05-31,Suministros Energéticos,4686.957296560522,1
309,H02,2022-06-30,Marketing,5235.91084325213,1
310,H02,2022-06-30,Admin,4802.423908635444,1
311,H02,2022-06-30,Mantenimiento,5460.220755107821,1
312,H02,2022-06-30,Suministros Energéticos,4993.993860088327,1
313,H02,2022-07-31,Marketing,5259.943419959064,1
314,H02,2022-07-31,Admin,5136.137618706533,1
315,H02,2022-07-31,Mantenimiento,5070.2860137066145,1
316,H02,2022-07-31,Suministros Energéticos,5365.994861279173,1
317,H02,2022-08-31,Marketing,5424.88822329851,1
318,H02,2022-08-31,Admin,4805.556733591927,1
319,H02,2022-08-31,Mantenimiento,4862.4086017098,1
320,H02,2022-08-31,Suministros Energéticos,4616.499519602618,1
321,H02,2022-09-30,Marketing,5154.84676587865,1
322,H02,2022-09-30,Admin,4652.256127391929,1
323,H02,2022-09-30,Mantenimiento,5175.617261132692,1
324,H02,2022-09-30,Suministros Energéticos,4975.445475324587,1
325,H02,2022-10-31,Marketing,4921.977568790199,1
326,H02,2022-10-31,Admin,5155.214892253112,1
327,H02,2022-10-31,Mantenimiento,4701.153264225255,1
328,H02,2022-10-31,Suministros Energéticos,4729.625080045476,1
329,H02,2022-11-30,Marketing,4935.178222635827,1
330,H02,2022-11-30,Admin,4568.582367373661,1
331,H02,2022-11-30,Mantenimiento,5275.221281032036,1
332,H02,2022-11-30,Suministros Energéticos,4618.297936582664,1
333,H02,2022-12-31,Marketing,4929.736251290023,1
334,H02,2022-12-31,Admin,4860.649605141977,1
335,H02,2022-12-31,Mantenimiento,5121.882435014172,1
336,H02,2022-12-31,Suministros Energéticos,4535.204190787345,1
337,H02,2023-01-31,Marketing,5236.511310935088,1
338,H02,2023-01-31,Admin,4861.755216283172,1
339,H02,2023-01-31,Mantenimiento,4532.579666688742,1
340,H02,2023-01-31,Suministros Energéticos,4720.750792183023,1
341,H02,2023-02-28,Marketing,5324.777555787228,1
342,H02,2023-02-28,Admin,5208.003163351989,1
343,H02,2023-02-28,Mantenimiento,4637.827966103775,1
344,H02,2023-02-28,Suministros Energéticos,5066.8141839847085,1
345,H02,2023-03-31,Marketing,4660.902000575066,1
346,H02,2023-03-31,Admin,4750.788834408043,1
347,H02,2023-03-31,Mantenimiento,5272.406263712704,1
348,H02,2023-03-31,Suministros Energéticos,5168.48974970792,1
349,H02,2023-04-30,Marketing,4944.787606507046,1
350,H02,2023-04-30,Admin,4697.832410798814,1
351,H02,2023-04-30,Mantenimiento,5462.203710077542,1
352,H02,2023-04-30,Suministros Energéticos,5203.389802230282,1
353,H02,2023-05-31,Marketing,5057.299861573081,1
354,H02,2023-05-31,Admin,5098.445803301387,1
355,H02,2023-05-31,Mantenimiento,4776.317202884607,1
356,H02,2023-05-31,Suministros Energéticos,4750.631521176637,1
357,H02,2023-06-30,Marketing,5344.7549363563485,1
358,H02,2023-06-30,Admin,5015.568257774234,1
359,H02,2023-06-30,Mantenimiento,5348.40194914249,1
360,H02,2023-06-30,Suministros Energéticos,5059.021919190141,1
361,H02,2023-07-31,Marketing,4824.2653626489,1
362,H02,2023-07-31,Admin,4929.406846204895,1
363,H02,2023-07-31,Mantenimiento,5371.115102243973,1
364,H02,2023-07-31,Suministros Energéticos,4670.1897734566855,1
365,H02,2023-08-31,Marketing,5456.077653571342,1
366,H02,2023-08-31,Admin,4724.369602260444,1
367,H02,2023-08-31,Mantenimiento,4925.638785751502,1
368,H02,2023-08-31,Suministros Energéticos,4647.189188420771,1
369,H02,2023-09-30,Marketing,5243.166091175053,1
370,H02,2023-09-30,Admin,4650.343881044149,1
371,H02,2023-09-30,Mantenimiento,4873.418609789455,1
372,H02,2023-09-30,Suministros Energéticos,4589.088645109385,1
373,H02,2023-10-31,Marketing,4507.019980606469,1
374,H02,2023-10-31,Admin,5381.290837069436,1
375,H02,2023-10-31,Mantenimiento,5100.903537726814,1
376,H02,2023-10-31,Suministros Energéticos,4626.3023562166645,1
377,H02,2023-11-30,Marketing,4962.148492846169,1
378,H02,2023-11-30,Admin,4633.08097405595,1
379,H02,2023-11-30,Mantenimiento,5011.870117954929,1
380,H02,2023-11-30,Suministros Energéticos,5243.402065783603,1
381,H02,2023-12-31,Marketing,4757.879108079555,1
382,H02,2023-12-31,Admin,4837.806585406837,1
383,H02,2023-12-31,Mantenimiento,5367.149721782519,1
384,H02,2023-12-31,Suministros Energéticos,4524.961190108438,1
385,H02,2024-01-31,Marketing,4773.370482878674,1
386,H02,2024-01-31,Admin,4559.866707066656,1
387,H02,2024-01-31,Mantenimiento,4504.544382889446,1
388,H02,2024-01-31,Suministros Energéticos,4648.835029450569,1
389,H02,2024-02-29,Marketing,5107.255515862018,1
390,H02,2024-02-29,Admin,5377.872720536238,1
391,H02,2024-02-29,Mantenimiento,4787.044404557644,1
392,H02,2024-02-29,Suministros Energéticos,4551.831410140269,1
393,H02,2024-03-31,Marketing,5109.609004384558,1
394,H02,2024-03-31,Admin,4709.619089021458,1
395,H02,2024-03-31,Mantenimiento,4802.5295529204095,1
396,H02,2024-03-31,Suministros Energéticos,4663.089626725607,1
397,H02,2024-04-30,Marketing,4595.0142207158715,1
398,H02,2024-04-30,Admin,4728.223428204171,1
399,H02,2024-04-30,Mantenimiento,5359.442799957761,1
400,H02,2024-04-30,Suministros Energéticos,5180.944664462602,1
401,H02,2024-05-31,Marketing,5459.617051500234,1
402,H02,2024-05-31,Admin,5023.541144316653,1
403,H02,2024-05-31,Mantenimiento,5477.312356087509,1
404,H02,2024-05-31,Suministros Energéticos,5221.24319982219,1
405,H02,2024-06-30,Marketing,4727.9803228111405,1
406,H02,2024-06-30,Admin,4608.501115032793,1
407,H02,2024-06-30,Mantenimiento,4880.75043060066,1
408,H02,2024-06-30,Suministros Energéticos,5431.205953889654,1
409,H02,2024-07-31,Marketing,4524.761282128847,1
410,H02,2024-07-31,Admin,5008.7841026711585,1
411,H02,2024-07-31,Mantenimiento,4909.082179615128,1
412,H02,2024-07-31,Suministros Energéticos,5246.0930776893,1
413,H02,2024-08-31,Marketing,5036.382147751645,1
414,H02,2024-08-31,Admin,4744.041387062968,1
415,H02,2024-08-31,Mantenimiento,4968.303023649536,1
416,H02,2024-08-31,Suministros Energéticos,4978.637377812448,1
417,H02,2024-09-30,Marketing,4959.501779511629,1
418,H02,2024-09-30,Admin,5083.246771768429,1
419,H02,2024-09-30,Mantenimiento,4658.72686339499,1
420,H02,2024-09-30,Suministros Energéticos,5438.394332734472,1
421,H02,2024-10-31,Marketing,4790.602040427365,1
422,H02,2024-10-31,Admin,4971.73405865415,1
423,H02,2024-10-31,Mantenimiento,5131.97610424574,1
424,H02,2024-10-31,Suministros Energéticos,4600.684350184316,1
425,H02,2024-11-30,Marketing,5100.324398217119,1
426,H02,2024-11-30,Admin,5067.021427439802,1
427,H02,2024-11-30,Mantenimiento,4968.162173128394,1
428,H02,2024-11-30,Suministros Energéticos,4580.327451822213,1
429,H02,2024-12-31,Marketing,4989.436512363268,1
430,H02,2024-12-31,Admin,5298.02806591482,1
431,H02,2024-12-31,Mantenimiento,4528.33537296963,1
432,H02,2024-12-31,Suministros Energéticos,4918.279796464594,1
433,H02,2025-01-31,Marketing,5401.911755739668,1
434,H02,2025-01-31,Admin,4987.550954893823,1
435,H02,2025-01-31,Mantenimiento,4849.04471331261,1
436,H02,2025-01-31,Suministros Energéticos,4745.294327307494,1
437,H02,2025-02-28,Marketing,4528.865500588418,1
438,H02,2025-02-28,Admin,5272.71208438379,1
439,H02,2025-02-28,Mantenimiento,5401.8098806216485,1
440,H02,2025-02-28,Suministros Energéticos,4974.605618066824,1
441,H02,2025-03-31,Marketing,4977.450667801704,1
442,H02,2025-03-31,Admin,5298.022976117999,1
443,H02,2025-03-31,Mantenimiento,4908.26658422011,1
444,H02,2025-03-31,Suministros Energéticos,5129.72548480614,1
445,H02,2025-04-30,Marketing,4810.7661412266025,1
446,H02,2025-04-30,Admin,4667.685791907416,1
447,H02,2025-04-30,Mantenimiento,4602.067724519765,1
448,H02,2025-04-30,Suministros Energéticos,4913.396283703265,1
449,H02,2025-05-31,Marketing,5356.9624650755495,1
450,H02,2025-05-31,Admin,5463.448194981498,1
451,H02,2025-05-31,Mantenimiento,4551.084182380649,1
452,H02,2025-05-31,Suministros Energéticos,5159.099330395453,1
453,H02,2025-06-30,Marketing,5322.155499009732,1
454,H02,2025-06-30,Admin,5475.898171845196,1
455,H02,2025-06-30,Mantenimiento,5155.3232053672955,1
456,H02,2025-06-30,Suministros Energéticos,5320.276898222358,1
457,H02,2025-07-31,Marketing,5474.277017301106,1
458,H02,2025-07-31,Admin,5242.434872602441,1
459,H02,2025-07-31,Mantenimiento,4999.129619808532,1
460,H02,2025-07-31,Suministros Energéticos,5476.070120110631,1
461,H02,2025-08-31,Marketing,5460.581992660317,1
462,H02,2025-08-31,Admin,5121.558885532995,1
463,H02,2025-08-31,Mantenimiento,4985.153205201375,1
464,H02,2025-08-31,Suministros Energéticos,5289.267470716908,1
465,H02,2025-09-30,Marketing,4581.359334766188,1
466,H02,2025-09-30,Admin,4679.374063724502,1
467,H02,2025-09-30,Mantenimiento,4870.4221251641375,1
468,H02,2025-09-30,Suministros Energéticos,4691.713008487457,1
469,H02,2025-10-31,Marketing,5232.917235441078,1
470,H02,2025-10-31,Admin,5493.8637584778335,1
471,H02,2025-10-31,Mantenimiento,4862.337808531548,1
472,H02,2025-10-31,Suministros Energéticos,5481.991017187142,1
473,H02,2025-11-30,Marketing,5386.895448105045,1
474,H02,2025-11-30,Admin,4575.953946794455,1
475,H02,2025-11-30,Mantenimiento,4818.8685869465035,1
476,H02,2025-11-30,Suministros Energéticos,4545.677416465139,1
477,H02,2025-12-31,Marketing,4626.151448760212,1
478,H02,2025-12-31,Admin,5271.830698994847,1
479,H02,2025-12-31,Mantenimiento,5297.749209594083,1
480,H02,2025-12-31,Suministros Energéticos,4590.837530634502,1
481,H03,2021-01-31,Marketing,1847.0957646957424,1
482,H03,2021-01-31,Admin,2005.745368791409,1
483,H03,2021-01-31,Mantenimiento,1951.624015644734,1
484,H03,2021-01-31,Suministros Energéticos,1894.6933697052202,1
485,H03,2021-02-28,Marketing,2132.691536823013,1
486,H03,2021-02-28,Admin,2060.205288636309,1
487,H03,2021-02-28,Mantenimiento,2169.2187633471494,1
488,H03,2021-02-28,Suministros Energéticos,1834.9334108171568,1
489,H03,2021-03-31,Marketing,1803.5578974339996,1
490,H03,2021-03-31,Admin,2199.285455970672,1
491,H03,2021-03-31,Mantenimiento,1904.102318110126,1
492,H03,2021-03-31,Suministros Energéticos,1978.1156853145683,1
493,H03,2021-04-30,Marketing,2016.1365659878575,1
494,H03,2021-04-30,Admin,2026.1771392556734,1
495,H03,2021-04-30,Mantenimiento,1877.248165039479,1
496,H03,2021-04-30,Suministros Energéticos,1881.5204599222059,1
497,H03,2021-05-31,Marketing,2115.7032273176637,1
498,H03,2021-05-31,Admin,2175.8449719219852,1
499,H03,2021-05-31,Mantenimiento,1836.7244710464208,1
500,H03,2021-05-31,Suministros Energéticos,2018.946368189078,1
501,H03,2021-06-30,Marketing,2178.9328360280106,1
502,H03,2021-06-30,Admin,1924.563648346472,1
503,H03,2021-06-30,Mantenimiento,2182.8129339718566,1
504,H03,2021-06-30,Suministros Energéticos,1830.8824302956082,1
505,H03,2021-07-31,Marketing,2087.9695048702533,1
506,H03,2021-07-31,Admin,2078.0267912330837,1
507,H03,2021-07-31,Mantenimiento,1885.026862000844,1
508,H03,2021-07-31,Suministros Energéticos,1811.8976190083335,1
509,H03,2021-08-31,Marketing,1858.7065555093877,1
510,H03,2021-08-31,Admin,2004.2424779645148,1
511,H03,2021-08-31,Mantenimiento,1941.4077897618772,1
512,H03,2021-08-31,Suministros Energéticos,2070.307989585818,1
513,H03,2021-09-30,Marketing,2072.6431836391494,1
514,H03,2021-09-30,Admin,2113.8502538289667,1
515,H03,2021-09-30,Mantenimiento,2099.083351194565,1
516,H03,2021-09-30,Suministros Energéticos,2172.997804790041,1
517,H03,2021-10-31,Marketing,2143.073686544133,1
518,H03,2021-10-31,Admin,1911.9437732760618,1
519,H03,2021-10-31,Mantenimiento,2065.7109093354215,1
520,H03,2021-10-31,Suministros Energéticos,2045.6371454864613,1
521,H03,2021-11-30,Marketing,1835.567390551071,1
522,H03,2021-11-30,Admin,2046.4471387135497,1
523,H03,2021-11-30,Mantenimiento,2107.5285872910918,1
524,H03,2021-11-30,Suministros Energéticos,2120.58050969453,1
525,H03,2021-12-31,Marketing,2116.5856723644115,1
526,H03,2021-12-31,Admin,2105.0860456460837,1
527,H03,2021-12-31,Mantenimiento,2108.082316613314,1
528,H03,2021-12-31,Suministros Energéticos,2160.351495012206,1
529,H03,2022-01-31,Marketing,1999.9770011502123,1
530,H03,2022-01-31,Admin,1856.3391024931643,1
531,H03,2022-01-31,Mantenimiento,1923.9725366524049,1
532,H03,2022-01-31,Suministros Energéticos,1866.3447435920775,1
533,H03,2022-02-28,Marketing,2176.5788661784513,1
534,H03,2022-02-28,Admin,1928.7814766446102,1
535,H03,2022-02-28,Mantenimiento,1979.6212215409266,1
536,H03,2022-02-28,Suministros Energéticos,2179.978316450109,1
537,H03,2022-03-31,Marketing,2074.2638422876576,1
538,H03,2022-03-31,Admin,1813.9510760932192,1
539,H03,2022-03-31,Mantenimiento,1881.1994203770064,1
540,H03,2022-03-31,Suministros Energéticos,1855.9728557351325,1
541,H03,2022-04-30,Marketing,1848.586597955927,1
542,H03,2022-04-30,Admin,2055.063771614517,1
543,H03,2022-04-30,Mantenimiento,2032.6338331272264,1
544,H03,2022-04-30,Suministros Energéticos,2025.5800451589253,1
545,H03,2022-05-31,Marketing,2173.9715881825364,1
546,H03,2022-05-31,Admin,2165.559969428785,1
547,H03,2022-05-31,Mantenimiento,2011.9449310606994,1
548,H03,2022-05-31,Suministros Energéticos,2000.5173659239226,1
549,H03,2022-06-30,Marketing,1872.241171687221,1
550,H03,2022-06-30,Admin,2019.8224004305216,1
551,H03,2022-06-30,Mantenimiento,2197.9485736241963,1
552,H03,2022-06-30,Suministros Energéticos,1865.274523422547,1
553,H03,2022-07-31,Marketing,2127.7385193912855,1
554,H03,2022-07-31,Admin,2188.7389008274754,1
555,H03,2022-07-31,Mantenimiento,1988.7419566061528,1
556,H03,2022-07-31,Suministros Energéticos,2032.9156851615328,1
557,H03,2022-08-31,Marketing,1941.996022605296,1
558,H03,2022-08-31,Admin,1968.0903604852188,1
559,H03,2022-08-31,Mantenimiento,2087.128241752764,1
560,H03,2022-08-31,Suministros Energéticos,2033.330128527231,1
561,H03,2022-09-30,Marketing,1830.4562323015684,1
562,H03,2022-09-30,Admin,2165.7984686843442,1
563,H03,2022-09-30,Mantenimiento,1802.221303807486,1
564,H03,2022-09-30,Suministros Energéticos,2001.756620994349,1
565,H03,2022-10-31,Marketing,2176.3747029242018,1
566,H03,2022-10-31,Admin,1852.7382527346235,1
567,H03,2022-10-31,Mantenimiento,1986.520819268577,1
568,H03,2022-10-31,Suministros Energéticos,2097.441404952077,1
569,H03,2022-11-30,Marketing,1884.4546691443813,1
570,H03,2022-11-30,Admin,1806.6004178828987,1
571,H03,2022-11-30,Mantenimiento,2147.874085345185,1
572,H03,2022-11-30,Suministros Energéticos,2074.9924188630152,1
573,H03,2022-12-31,Marketing,2008.8657084086162,1
574,H03,2022-12-31,Admin,1910.4238223340349,1
575,H03,2022-12-31,Mantenimiento,2192.459426559534,1
576,H03,2022-12-31,Suministros Energéticos,2015.688302874958,1
577,H03,2023-01-31,Marketing,2178.5076548329857,1
578,H03,2023-01-31,Admin,2087.1552585278832,1
579,H03,2023-01-31,Mantenimiento,2058.068308743828,1
580,H03,2023-01-31,Suministros Energéticos,1931.8428732025734,1
581,H03,2023-02-28,Marketing,2068.6330069757664,1
582,H03,2023-02-28,Admin,2108.471899359922,1
583,H03,2023-02-28,Mantenimiento,2138.413582525217,1
584,H03,2023-02-28,Suministros Energéticos,2095.718775967273,1
585,H03,2023-03-31,Marketing,2080.3897369018164,1
586,H03,2023-03-31,Admin,1830.2165274486244,1
587,H03,2023-03-31,Mantenimiento,2123.8888211066815,1
588,H03,2023-03-31,Suministros Energéticos,1882.5275903394104,1
589,H03,2023-04-30,Marketing,1840.2697408717333,1
590,H03,2023-04-30,Admin,1836.9195042863216,1
591,H03,2023-04-30,Mantenimiento,1942.7568936367256,1
592,H03,2023-04-30,Suministros Energéticos,1980.6537274337932,1
593,H03,2023-05-31,Marketing,1801.7822744213238,1
594,H03,2023-05-31,Admin,2184.9133406616525,1
595,H03,2023-05-31,Mantenimiento,2042.15842039744,1
596,H03,2023-05-31,Suministros Energéticos,2170.960574655322,1
597,H03,2023-06-30,Marketing,2057.237244749433,1
598,H03,2023-06-30,Admin,2172.9539565128,1
599,H03,2023-06-30,Mantenimiento,2097.0300750490314,1
600,H03,2023-06-30,Suministros Energéticos,2132.0399500129556,1
601,H03,2023-07-31,Marketing,1930.3778301046975,1
602,H03,2023-07-31,Admin,2163.428741719387,1
603,H03,2023-07-31,Mantenimiento,2058.7715350201006,1
604,H03,2023-07-31,Suministros Energéticos,1976.974519628433,1
605,H03,2023-08-31,Marketing,1888.5804363187472,1
606,H03,2023-08-31,Admin,2126.522789764455,1
607,H03,2023-08-31,Mantenimiento,1850.1009516046795,1
608,H03,2023-08-31,Suministros Energéticos,1879.2398768333737,1
609,H03,2023-09-30,Marketing,2086.7840881469733,1
610,H03,2023-09-30,Admin,1997.1226714533634,1
611,H03,2023-09-30,Mantenimiento,1971.9141051624429,1
612,H03,2023-09-30,Suministros Energéticos,2049.6468944894837,1
613,H03,2023-10-31,Marketing,2037.4721405608382,1
614,H03,2023-10-31,Admin,2026.3378673755926,1
615,H03,2023-10-31,Mantenimiento,2115.461417529593,1
616,H03,2023-10-31,Suministros Energéticos,2077.361320957193,1
617,H03,2023-11-30,Marketing,1833.8501429853761,1
618,H03,2023-11-30,Admin,2198.296642110461,1
619,H03,2023-11-30,Mantenimiento,2024.5127095785617,1
620,H03,2023-11-30,Suministros Energéticos,1928.7838325367086,1
621,H03,2023-12-31,Marketing,2006.1661122929575,1
622,H03,2023-12-31,Admin,2067.997843594552,1
623,H03,2023-12-31,Mantenimiento,1895.7051769931159,1
624,H03,2023-12-31,Suministros Energéticos,1992.9568456123595,1
625,H03,2024-01-31,Marketing,1826.0515714304543,1
626,H03,2024-01-31,Admin,1973.4461342787338,1
627,H03,2024-01-31,Mantenimiento,2155.150078825837,1
628,H03,2024-01-31,Suministros Energéticos,2040.2325988311732,1
629,H03,2024-02-29,Marketing,2105.463290848289,1
630,H03,2024-02-29,Admin,1871.1239576430016,1
631,H03,2024-02-29,Mantenimiento,2170.368383401352,1
632,H03,2024-02-29,Suministros Energéticos,2175.0277481724465,1
633,H03,2024-03-31,Marketing,1805.9735268890627,1
634,H03,2024-03-31,Admin,2115.3696038096896,1
635,H03,2024-03-31,Mantenimiento,2093.924814952746,1
636,H03,2024-03-31,Suministros Energéticos,1839.0163972724906,1
637,H03,2024-04-30,Marketing,2035.1573284714002,1
638,H03,2024-04-30,Admin,1870.4305238074758,1
639,H03,2024-04-30,Mantenimiento,1981.2290269241535,1
640,H03,2024-04-30,Suministros Energéticos,1962.1412088283644,1
641,H03,2024-05-31,Marketing,1942.76915718382,1
642,H03,2024-05-31,Admin,2062.1252655013022,1
643,H03,2024-05-31,Mantenimiento,2153.7496815806444,1
644,H03,2024-05-31,Suministros Energéticos,2180.0315581729515,1
645,H03,2024-06-30,Marketing,1854.2663373569944,1
646,H03,2024-06-30,Admin,2076.1045671783204,1
647,H03,2024-06-30,Mantenimiento,1976.0623444532866,1
648,H03,2024-06-30,Suministros Energéticos,1953.8385574811452,1
649,H03,2024-07-31,Marketing,1897.9825237364048,1
650,H03,2024-07-31,Admin,1981.466665992004,1
651,H03,2024-07-31,Mantenimiento,1858.233955066621,1
652,H03,2024-07-31,Suministros Energéticos,1852.3861964489572,1
653,H03,2024-08-31,Marketing,1994.4850641179983,1
654,H03,2024-08-31,Admin,1925.7472290991918,1
655,H03,2024-08-31,Mantenimiento,2188.491480455762,1
656,H03,2024-08-31,Suministros Energéticos,2184.5079858808976,1
657,H03,2024-09-30,Marketing,2180.614281328368,1
658,H03,2024-09-30,Admin,1881.9648627091776,1
659,H03,2024-09-30,Mantenimiento,1853.7612029053278,1
660,H03,2024-09-30,Suministros Energéticos,1973.4758978690202,1
661,H03,2024-10-31,Marketing,2181.5610181825846,1
662,H03,2024-10-31,Admin,1832.2846451728644,1
663,H03,2024-10-31,Mantenimiento,1887.1703230321443,1
664,H03,2024-10-31,Suministros Energéticos,2169.4825841414504,1
665,H03,2024-11-30,Marketing,2041.4258308305052,1
666,H03,2024-11-30,Admin,2006.1478953462076,1
667,H03,2024-11-30,Mantenimiento,2052.140281809587,1
668,H03,2024-11-30,Suministros Energéticos,1960.6081721182984,1
669,H03,2024-12-31,Marketing,2112.200006797099,1
670,H03,2024-12-31,Admin,1940.020339172906,1
671,H03,2024-12-31,Mantenimiento,1814.682381013886,1
672,H03,2024-12-31,Suministros Energéticos,2129.4982671092976,1
673,H03,2025-01-31,Marketing,1808.5708947629423,1
674,H03,2025-01-31,Admin,2116.1638495661373,1
675,H03,2025-01-31,Mantenimiento,2129.7253271792515,1
676,H03,2025-01-31,Suministros Energéticos,1863.4161810235503,1
677,H03,2025-02-28,Marketing,1976.6367026390653,1
678,H03,2025-02-28,Admin,1807.7223039643557,1
679,H03,2025-02-28,Mantenimiento,2037.9935419786368,1
680,H03,2025-02-28,Suministros Energéticos,2038.49511280219,1
681,H03,2025-03-31,Marketing,1917.4926797454307,1
682,H03,2025-03-31,Admin,2074.035004890207,1
683,H03,2025-03-31,Mantenimiento,1820.460879101401,1
684,H03,2025-03-31,Suministros Energéticos,1873.710664957385,1
685,H03,2025-04-30,Marketing,1931.7414116416355,1
686,H03,2025-04-30,Admin,1951.5588655913284,1
687,H03,2025-04-30,Mantenimiento,2174.2150055987972,1
688,H03,2025-04-30,Suministros Energéticos,1860.3449406643542,1
689,H03,2025-05-31,Marketing,2196.8063058014527,1
690,H03,2025-05-31,Admin,1982.4168754866585,1
691,H03,2025-05-31,Mantenimiento,1840.2428242839335,1
692,H03,2025-05-31,Suministros Energéticos,1986.1655714311576,1
693,H03,2025-06-30,Marketing,1846.3796951418012,1
694,H03,2025-06-30,Admin,2087.3082979370934,1
695,H03,2025-06-30,Mantenimiento,1963.1717492710366,1
696,H03,2025-06-30,Suministros Energéticos,1877.4961704292557,1
697,H03,2025-07-31,Marketing,2198.9286389987055,1
698,H03,2025-07-31,Admin,1814.2279910426184,1
699,H03,2025-07-31,Mantenimiento,2138.785923728773,1
700,H03,2025-07-31,Suministros Energéticos,2191.6127044675454,1
701,H03,2025-08-31,Marketing,2087.5732945806462,1
702,H03,2025-08-31,Admin,1954.028703493143,1
703,H03,2025-08-31,Mantenimiento,2051.208382423337,1
704,H03,2025-08-31,Suministros Energéticos,2186.0902043721576,1
705,H03,2025-09-30,Marketing,2175.5907615594015,1
706,H03,2025-09-30,Admin,2172.1731076576643,1
707,H03,2025-09-30,Mantenimiento,2107.931471750107,1
708,H03,2025-09-30,Suministros Energéticos,1946.889984111488,1
709,H03,2025-10-31,Marketing,2109.7617414048173,1
710,H03,2025-10-31,Admin,1800.5936334140542,1
711,H03,2025-10-31,Mantenimiento,2134.890386480226,1
712,H03,2025-10-31,Suministros Energéticos,1982.0986399589174,1
713,H03,2025-11-30,Marketing,1897.1979286538217,1
714,H03,2025-11-30,Admin,2114.590176353408,1
715,H03,2025-11-30,Mantenimiento,1952.9974437949725,1
716,H03,2025-11-30,Suministros Energéticos,2110.2697432820655,1
717,H03,2025-12-31,Marketing,2020.2201282176188,1
718,H03,2025-12-31,Admin,2013.7074753890126,1
719,H03,2025-12-31,Mantenimiento,1984.950889333394,1
720,H03,2025-12-31,Suministros Energéticos,2006.3056066892418,1
